,PLAYER_NAME,TEAM_NAME,POSITION,HEIGHT,WEIGHT,COUNTRY,BIRTHDATE,SEASON_EXP,DRAFT_NUMBER,GP,MIN,PTS,REB,AST,STL,BLK,SALARY
0,Precious Achiuwa,Raptors,Forward,6-8,225,Nigeria,1999-09-19T00:00:00,2,20,134,18.4,7.2,5.1,0.8,0.4,0.5,2711280
1,Steven Adams,Grizzlies,Center,6-11,265,New Zealand,1993-07-20T00:00:00,9,12,664,26.8,9.3,8.0,1.5,0.9,0.9,17073171
2,Bam Adebayo,Heat,Center-Forward,6-9,255,USA,1997-07-18T00:00:00,5,14,343,28.2,13.5,8.3,3.5,1.0,0.9,28103550
3,Santi Aldama,Grizzlies,Forward-Center,6-11,215,Spain,2001-01-10T00:00:00,1,30,32,11.2,4.1,2.7,0.7,0.2,0.3,1994520
4,LaMarcus Aldridge,Nets,Center-Forward,6-11,250,USA,1985-07-19T00:00:00,16,2,1076,33.7,19.1,8.1,1.9,0.7,1.1,2641691
5,Nickeil Alexander-Walker,Jazz,Guard,6-5,205,Canada,1998-09-02T00:00:00,3,17,158,19.4,9.3,2.6,2.2,0.7,0.3,3261480
6,Grayson Allen,Bucks,Guard,6-4,198,USA,1995-10-08T00:00:00,4,21,192,21.9,9.4,2.6,1.5,0.6,0.2,4054695
7,Jarrett Allen,Cavaliers,Center,6-10,243,USA,1998-04-21T00:00:00,5,22,341,26.6,11.6,8.7,1.4,0.5,1.4,20000000
8,Jose Alvarado,Pelicans,Guard,6-0,179,USA,1998-04-12T00:00:00,1,Undrafted,54,15.4,6.1,1.9,2.8,1.3,0.1,
9,Kyle Anderson,Timberwolves,Forward-Guard,6-9,230,USA,1993-09-20T00:00:00,8,30,505,21.0,6.7,4.4,2.3,1.0,0.6,9937150
10,Giannis Antetokounmpo,Bucks,Forward,6-11,242,Greece,1994-12-06T00:00:00,9,15,656,32.6,21.8,9.4,4.6,1.2,1.3,39344970
11,Thanasis Antetokounmpo,Bucks,Forward,6-6,219,Greece,1992-07-18T00:00:00,4,51,127,9.1,3.1,2.0,0.7,0.4,0.2,1729217
12,Carmelo Anthony,Lakers,Forward,6-7,238,USA,1984-05-29T00:00:00,19,3,1260,34.5,22.5,6.2,2.7,1.0,0.5,2641691
13,Cole Anthony,Magic,Guard,6-3,185,USA,2000-05-15T00:00:00,2,15,112,29.8,14.9,5.1,5.0,0.7,0.3,3449400
14,OG Anunoby,Raptors,Forward,6-7,232,United Kingdom,1997-07-17T00:00:00,5,23,301,26.8,10.4,4.1,1.4,1.1,0.5,16071429
15,Ryan Arcidiacono,Bulls,Guard,6-3,195,USA,1994-03-26T00:00:00,6,Undrafted,217,17.2,4.6,2.0,2.1,0.5,0.0,586136
16,D.J. Augustin,Lakers,Guard,5-11,183,USA,1987-11-10T00:00:00,14,9,976,23.4,9.5,1.8,3.9,0.6,0.0,7622467
17,Deni Avdija,Wizards,Forward,6-9,210,Israel,2001-01-03T00:00:00,2,9,136,23.8,7.6,5.1,1.7,0.7,0.4,4692840
18,Deandre Ayton,Suns,Center,6-11,250,Bahamas,1998-07-23T00:00:00,4,1,236,30.7,16.3,10.5,1.6,0.7,1.0,12632950
19,Udoka Azubuike,Jazz,Center-Forward,7-0,270,Nigeria,1999-09-17T00:00:00,2,27,32,7.9,3.0,2.6,0.0,0.1,0.5,2075880
20,Marvin Bagley III,Pistons,Forward,6-11,235,USA,1999-03-14T00:00:00,4,2,166,25.1,13.6,7.4,0.9,0.5,0.7,11312114
21,LaMelo Ball,Hornets,Guard,6-7,180,USA,2001-08-22T00:00:00,2,3,126,30.9,18.3,6.4,7.0,1.6,0.4,8231760
22,Lonzo Ball,Bulls,Guard,6-6,190,USA,1997-10-27T00:00:00,5,2,252,32.5,11.9,5.7,6.2,1.6,0.6,18604651
23,Mo Bamba,Magic,Center,7-0,231,USA,1998-05-12T00:00:00,4,6,226,18.6,7.7,6.1,0.9,0.4,1.4,7568742
24,Desmond Bane,Grizzlies,Guard,6-5,215,USA,1998-06-25T00:00:00,2,30,144,26.3,14.0,3.8,2.3,0.9,0.3,2033160
25,Dalano Banton,Raptors,Forward,6-7,204,Canada,1999-11-07T00:00:00,1,46,64,10.9,3.2,1.9,1.5,0.4,0.2,925258
26,Harrison Barnes,Kings,Forward,6-8,225,USA,1992-05-30T00:00:00,10,7,747,31.8,14.1,5.1,1.8,0.7,0.2,20284091
27,Scottie Barnes,Raptors,Forward,6-7,225,USA,2001-08-01T00:00:00,1,4,74,35.4,15.3,7.5,3.5,1.1,0.7,7280520
28,RJ Barrett,Knicks,Forward-Guard,6-6,214,Canada,2000-06-14T00:00:00,3,3,198,33.5,17.5,5.6,2.9,0.8,0.3,8623920
29,Will Barton,Wizards,Guard,6-5,181,USA,1991-01-06T00:00:00,10,40,623,25.9,11.6,4.3,2.7,0.8,0.4,15384615
30,Charles Bassey,76ers,Center-Forward,6-9,230,Nigeria,2000-10-28T00:00:00,1,53,23,7.3,3.0,2.7,0.3,0.2,0.7,925258
31,Keita Bates-Diop,Spurs,Forward,6-8,229,USA,1996-01-23T00:00:00,4,48,163,15.0,5.2,3.0,0.6,0.5,0.3,1729217
32,Nicolas Batum,Clippers,Guard-Forward,6-8,230,France,1988-12-14T00:00:00,14,25,915,30.6,11.1,5.1,3.5,1.0,0.6,12213507
33,Kent Bazemore,Lakers,Guard-Forward,6-4,195,USA,1989-07-01T00:00:00,10,Undrafted,657,20.6,8.2,3.2,1.8,1.0,0.5,2401537
34,Darius Bazley,Thunder,Forward,6-8,208,USA,2000-06-12T00:00:00,3,23,185,25.8,10.0,5.8,1.3,0.6,0.7,2513040
35,Bradley Beal,Wizards,Guard,6-4,207,USA,1993-06-28T00:00:00,10,3,645,34.8,22.1,4.1,4.2,1.1,0.4,34502130
36,Malik Beasley,Jazz,Guard,6-4,187,USA,1996-11-26T00:00:00,6,19,336,20.9,10.4,2.5,1.2,0.6,0.1,14391964
37,Davis Bertans,Mavericks,Forward,6-10,225,Latvia,1992-11-12T00:00:00,6,42,387,19.1,8.2,2.7,1.0,0.4,0.4,16000000
38,Patrick Beverley,Jazz,Guard,6-1,180,USA,1988-07-12T00:00:00,10,42,526,27.4,8.8,4.3,3.5,1.1,0.5,14320988
39,Saddiq Bey,Pistons,Forward,6-7,215,USA,1999-04-09T00:00:00,2,19,152,30.4,14.3,5.0,2.2,0.8,0.2,2824320
40,Khem Birch,Raptors,Center,6-9,233,Canada,1992-09-28T00:00:00,5,Undrafted,262,17.8,5.2,4.6,1.0,0.5,0.6,6350000
41,Goga Bitadze,Pacers,Center-Forward,7-0,250,Georgia,1999-07-20T00:00:00,3,18,149,11.8,5.0,2.9,0.8,0.3,0.9,3098400
42,Bismack Biyombo,Suns,Center,6-8,255,DRC,1992-08-28T00:00:00,11,7,738,19.9,5.2,6.1,0.6,0.3,1.3,1366392
43,Nemanja Bjelica,Warriors,Forward,6-9,234,Serbia,1988-05-09T00:00:00,8,35,449,20.4,7.6,4.6,1.8,0.6,0.4,2089448
44,Eric Bledsoe,Trail Blazers,Guard,6-1,214,USA,1989-12-09T00:00:00,13,18,756,27.8,13.7,3.9,4.7,1.4,0.5,18125000
45,Keljin Blevins,Trail Blazers,Guard,6-4,200,USA,1995-11-24T00:00:00,2,,48,8.8,2.2,1.1,0.5,0.3,0.0,
46,Bogdan Bogdanovic,Hawks,Guard,6-6,225,Serbia,1992-08-18T00:00:00,5,27,316,28.6,14.2,3.4,3.4,1.0,0.2,18000000
47,Bojan Bogdanovic,Jazz,Forward,6-7,226,Croatia,1989-04-18T00:00:00,8,31,603,29.1,15.0,3.6,1.6,0.6,0.1,18700000
48,Bol Bol,Magic,Center-Forward,7-2,220,Sudan,1999-11-16T00:00:00,3,44,53,6.2,2.7,1.2,0.3,0.1,0.3,2161152
49,Leandro Bolmaro,Jazz,Forward,6-6,200,Argentina,2000-09-11T00:00:00,1,23,35,6.9,1.4,1.2,0.6,0.2,0.0,2353320
50,Isaac Bonga,Raptors,Guard,6-8,180,Germany,1999-11-08T00:00:00,4,39,143,13.1,3.1,2.2,0.8,0.5,0.3,1729217
51,Devin Booker,Suns,Guard,6-5,206,USA,1996-10-30T00:00:00,7,13,477,33.7,23.5,3.9,4.7,0.8,0.3,31610000
52,Brandon Boston,Clippers,Guard,6-6,188,USA,2001-11-28T00:00:00,1,51,51,14.9,6.7,2.2,1.0,0.5,0.3,
53,Chris Boucher,Raptors,Forward-Center,6-9,200,Saint Lucia,1993-01-11T00:00:00,5,Undrafted,231,17.9,9.0,5.3,0.5,0.5,1.2,7009615
54,James Bouknight,Hornets,Guard,6-4,190,USA,2000-09-18T00:00:00,1,11,31,9.8,4.6,1.7,0.8,0.2,0.0,4154400
55,Avery Bradley,Lakers,Guard,6-3,180,USA,1990-11-26T00:00:00,12,19,660,27.5,11.0,2.8,1.7,1.0,0.2,2641691
56,Tony Bradley,Bulls,Center-Forward,6-10,248,USA,1998-01-08T00:00:00,5,28,167,11.7,4.6,4.3,0.5,0.2,0.6,1789256
57,Ignas Brazdeikis,Magic,Forward,6-6,221,Canada,1999-01-08T00:00:00,3,47,64,13.1,5.0,1.9,0.9,0.2,0.1,
58,Mikal Bridges,Suns,Forward,6-6,209,USA,1996-08-30T00:00:00,4,10,309,31.3,11.3,3.9,2.1,1.3,0.6,5557725
59,Miles Bridges,Hornets,Forward,6-7,225,USA,1998-03-21T00:00:00,4,12,291,29.1,13.4,5.6,2.3,0.7,0.7,5421493
60,Oshae Brissett,Pacers,Forward-Guard,6-7,210,Canada,1998-06-20T00:00:00,3,Undrafted,107,20.7,8.2,4.7,0.9,0.6,0.5,1701593
61,Malcolm Brogdon,Celtics,Guard,6-5,229,USA,1992-12-11T00:00:00,6,36,333,30.2,15.5,4.2,4.8,0.9,0.2,21700000
62,Armoni Brooks,Raptors,Guard,6-3,195,USA,1998-06-05T00:00:00,3,,74,18.4,6.9,2.3,1.2,0.5,0.2,1489065
63,Dillon Brooks,Grizzlies,Guard-Forward,6-7,225,Canada,1996-01-22T00:00:00,5,45,272,28.2,14.5,3.0,2.0,1.0,0.3,12200000
64,Bruce Brown,Nuggets,Guard-Forward,6-4,202,USA,1996-08-15T00:00:00,4,42,269,23.5,7.6,4.3,2.1,0.9,0.5,4736102
65,Jaylen Brown,Celtics,Guard-Forward,6-6,223,USA,1996-10-24T00:00:00,6,3,403,28.7,16.5,4.9,2.0,0.9,0.4,24830357
66,Moses Brown,Clippers,Center,7-2,245,USA,1999-10-13T00:00:00,3,Undrafted,92,14.1,6.0,5.8,0.1,0.4,0.7,1701593
67,Sterling Brown,Rockets,Guard-Forward,6-5,219,USA,1995-02-10T00:00:00,5,46,264,16.8,5.4,3.3,1.0,0.5,0.2,3000000
68,Greg Brown III,Trail Blazers,Forward,6-7,206,USA,2001-09-01T00:00:00,1,43,48,13.3,4.7,2.8,0.7,0.5,0.5,925258
69,Charlie Brown Jr.,76ers,Guard,6-6,199,USA,1997-02-02T00:00:00,3,Undrafted,41,9.0,2.2,1.3,0.4,0.4,0.2,
70,Chaundee Brown Jr.,Hawks,Forward,6-5,215,USA,1998-12-04T00:00:00,1,Undrafted,5,20.7,6.2,3.2,0.8,0.4,0.0,
71,Troy Brown Jr.,Lakers,Guard-Forward,6-6,215,USA,1999-07-28T00:00:00,4,15,221,18.5,6.4,3.8,1.6,0.7,0.1,5170564
72,Jalen Brunson,Knicks,Guard,6-1,190,USA,1996-08-31T00:00:00,4,33,277,24.7,11.9,3.0,3.7,0.6,0.0,1802057
73,Thomas Bryant,Lakers,Center-Forward,6-10,248,USA,1997-07-31T00:00:00,5,42,170,20.1,10.2,5.7,1.3,0.4,0.9,8730159
74,Reggie Bullock,Mavericks,Guard-Forward,6-6,205,USA,1991-03-16T00:00:00,9,25,434,22.5,7.8,2.5,1.2,0.6,0.1,9536000
75,Trey Burke,Rockets,Guard,6-0,185,USA,1992-11-12T00:00:00,9,9,498,20.9,9.6,1.8,3.1,0.6,0.1,3333333
76,Alec Burks,Pistons,Guard,6-6,214,USA,1991-07-20T00:00:00,11,12,625,23.0,10.6,3.5,2.0,0.7,0.2,9536000
77,Jared Butler,Jazz,Guard,6-3,193,USA,2000-08-25T00:00:00,1,40,42,8.6,3.8,1.1,1.5,0.4,0.2,925258
78,Jimmy Butler,Heat,Forward,6-7,230,USA,1989-09-14T00:00:00,11,30,690,33.1,17.7,5.3,4.1,1.6,0.5,36016200
79,Devontae Cacok,Spurs,Forward,6-7,240,USA,1996-10-08T00:00:00,3,Undrafted,36,6.3,2.5,2.2,0.2,0.4,0.3,
80,Kentavious Caldwell-Pope,Nuggets,Guard,6-5,204,USA,1993-02-18T00:00:00,9,8,683,29.2,11.6,3.1,1.7,1.1,0.2,13038862
81,Facundo Campazzo,Nuggets,Guard,5-10,195,Argentina,1991-03-23T00:00:00,3,Undrafted,130,20.1,5.6,1.9,3.5,1.1,0.3,3804150
82,Vlatko Cancar,Nuggets,Forward,6-8,236,Slovenia,1997-04-10T00:00:00,3,49,70,7.2,2.3,1.3,0.5,0.2,0.1,1782621
83,Devin Cannady,Magic,Guard,6-2,183,USA,1996-05-21T00:00:00,2,,13,16.8,6.5,0.8,0.8,0.8,0.3,
84,Clint Capela,Hawks,Center,6-10,256,Switzerland,1994-05-18T00:00:00,8,25,471,26.8,12.4,10.7,1.0,0.7,1.5,17103448
85,Vernon Carey Jr.,Wizards,Forward-Center,6-9,270,USA,2001-02-25T00:00:00,2,32,26,6.1,2.5,1.5,0.1,0.1,0.2,1517981
86,Jevon Carter,Bucks,Guard,6-1,200,USA,1995-09-14T00:00:00,4,32,223,14.1,4.4,1.7,1.4,0.6,0.2,4107149
87,Wendell Carter Jr.,Magic,Center-Forward,6-10,270,USA,1999-04-16T00:00:00,4,7,203,27.5,12.2,8.9,2.0,0.6,0.9,6920027
88,Alex Caruso,Bulls,Guard,6-5,186,USA,1994-02-28T00:00:00,5,Undrafted,225,20.6,6.2,2.5,2.7,1.1,0.3,8604651
89,Justin Champagnie,Raptors,Guard-Forward,6-6,206,USA,2001-06-29T00:00:00,1,Undrafted,36,7.8,2.3,2.0,0.3,0.2,0.1,
90,Chris Chiozza,Warriors,Guard,5-11,175,USA,1995-11-21T00:00:00,4,Undrafted,91,11.4,3.3,1.3,2.4,0.5,0.1,
91,Marquese Chriss,Rockets,Forward,6-9,240,USA,1997-07-02T00:00:00,6,8,292,18.3,7.6,4.7,1.0,0.6,0.8,958529
92,Josh Christopher,Rockets,Guard,6-3,215,USA,2001-12-08T00:00:00,1,24,74,18.0,7.9,2.5,2.0,0.9,0.2,2259240
93,Gary Clark,Pelicans,Forward,6-6,225,USA,1994-11-16T00:00:00,4,Undrafted,170,13.2,3.1,2.5,0.5,0.3,0.4,377645
94,Brandon Clarke,Grizzlies,Forward,6-8,215,Canada,1996-09-19T00:00:00,3,21,181,21.9,10.9,5.6,1.4,0.7,0.9,2726880
95,Jordan Clarkson,Jazz,Guard,6-4,194,USA,1992-06-07T00:00:00,8,46,600,27.0,15.4,3.3,2.5,0.9,0.1,12420000
96,Nic Claxton,Nets,Center,6-11,215,USA,1999-04-17T00:00:00,3,31,94,18.7,7.3,5.0,0.9,0.5,1.1,1782621
97,Amir Coffey,Clippers,Guard-Forward,6-7,210,USA,1997-06-17T00:00:00,3,Undrafted,131,16.2,6.2,2.0,1.2,0.4,0.1,
98,John Collins,Hawks,Forward-Center,6-9,226,USA,1997-09-23T00:00:00,5,19,293,29.0,16.5,8.3,1.6,0.6,1.0,23000000
99,Zach Collins,Spurs,Forward-Center,6-11,250,USA,1997-11-19T00:00:00,4,10,182,17.5,6.0,4.2,1.1,0.3,0.7,6984127
100,Mike Conley,Jazz,Guard,6-1,175,USA,1987-10-11T00:00:00,15,4,958,32.0,14.8,3.0,5.6,1.4,0.2,21000000
101,Pat Connaughton,Bucks,Guard,6-5,209,USA,1993-01-06T00:00:00,7,41,417,18.5,5.9,3.3,1.2,0.5,0.3,5333333
102,Tyler Cook,Bulls,Forward,6-8,255,USA,1997-09-23T00:00:00,3,Undrafted,65,10.6,3.8,2.5,0.3,0.2,0.1,
103,Sharife Cooper,Hawks,Guard,6-1,176,USA,2001-06-11T00:00:00,2,48,13,3.0,0.5,0.4,0.4,0.0,0.0,
104,DeMarcus Cousins,Nuggets,Center,6-10,270,USA,1990-08-13T00:00:00,12,5,654,29.8,19.6,10.2,3.0,1.3,1.1,1290481
105,Robert Covington,Clippers,Forward,6-7,209,USA,1990-12-14T00:00:00,9,Undrafted,537,29.9,11.6,5.8,1.5,1.6,1.0,12975471
106,Torrey Craig,Suns,Forward,6-7,221,USA,1990-12-19T00:00:00,5,Undrafted,300,18.7,5.7,3.6,0.9,0.5,0.5,4878049
107,Jae Crowder,Suns,Forward,6-6,235,USA,1990-07-06T00:00:00,10,34,735,25.3,9.6,4.3,1.6,1.0,0.3,9720900
108,Jarrett Culver,Grizzlies,Guard-Forward,6-6,195,USA,1999-02-20T00:00:00,3,6,134,17.5,6.6,2.7,1.2,0.7,0.4,6395160
109,Cade Cunningham,Pistons,Guard,6-6,220,USA,2001-09-25T00:00:00,1,1,64,32.6,17.4,5.5,5.6,1.2,0.7,10050120
110,Seth Curry,Nets,Guard,6-2,185,USA,1990-08-23T00:00:00,8,Undrafted,377,25.2,11.3,2.2,2.2,0.7,0.1,8186047
111,Stephen Curry,Warriors,Guard,6-2,185,USA,1988-03-14T00:00:00,13,7,826,34.3,24.3,4.6,6.5,1.7,0.2,45780966
112,Anthony Davis,Lakers,Forward-Center,6-10,253,USA,1993-03-11T00:00:00,10,1,604,34.4,23.8,10.2,2.3,1.4,2.3,35361360
113,Ed Davis,Cavaliers,Center-Forward,6-9,218,USA,1989-06-05T00:00:00,12,13,722,19.1,5.9,6.4,0.7,0.5,0.8,2641691
114,Terence Davis,Kings,Guard,6-4,201,USA,1997-05-16T00:00:00,3,Undrafted,163,17.3,8.5,3.0,1.5,0.7,0.2,4000000
115,DeMar DeRozan,Bulls,Guard-Forward,6-6,220,USA,1989-08-07T00:00:00,13,9,957,34.3,20.8,4.4,3.9,1.0,0.3,26000000
116,Dewayne Dedmon,Heat,Center,7-0,245,USA,1989-08-12T00:00:00,9,Undrafted,477,17.8,6.4,5.9,0.7,0.5,0.8,5256308
117,Donte DiVincenzo,Warriors,Guard,6-4,203,USA,1997-01-31T00:00:00,4,17,201,23.6,9.0,4.6,2.5,1.1,0.2,4675830
118,Hamidou Diallo,Pistons,Guard,6-5,202,USA,1998-07-31T00:00:00,4,45,207,18.9,8.4,3.9,1.1,0.8,0.3,5200000
119,Gorgui Dieng,Spurs,Center,6-10,248,Senegal,1990-01-18T00:00:00,9,21,597,20.6,7.5,5.7,1.3,0.8,0.9,4000000
120,Spencer Dinwiddie,Mavericks,Guard,6-6,215,USA,1993-04-06T00:00:00,8,38,387,26.4,13.0,3.0,5.0,0.7,0.3,17142857
121,Luka Doncic,Mavericks,Forward-Guard,6-7,230,Slovenia,1999-02-28T00:00:00,4,3,264,33.8,26.4,8.5,8.0,1.1,0.4,10174391
122,Luguentz Dort,Thunder,Guard,6-3,215,Canada,1999-04-19T00:00:00,3,Undrafted,139,29.0,13.3,3.5,1.5,0.9,0.3,1782621
123,Ayo Dosunmu,Bulls,Guard,6-4,200,USA,2000-01-17T00:00:00,1,38,77,27.4,8.8,2.8,3.3,0.8,0.4,925258
124,Goran Dragic,Bulls,Guard,6-3,190,Slovenia,1986-05-06T00:00:00,14,45,888,27.9,13.7,3.1,4.8,1.0,0.2,20168742
125,Andre Drummond,Bulls,Center,6-10,279,USA,1993-08-10T00:00:00,10,9,718,29.6,13.8,13.3,1.4,1.4,1.5,2401537
126,Chris Duarte,Pacers,Guard,6-5,190,Dominican Republic,1997-06-13T00:00:00,1,13,55,28.0,13.1,4.1,2.1,1.0,0.2,3749520
127,David Duke Jr.,Nets,Guard,6-4,204,USA,1999-10-13T00:00:00,1,Undrafted,22,15.5,4.7,3.0,0.8,0.6,0.3,
128,Kevin Durant,Nets,Forward,6-10,240,USA,1988-09-29T00:00:00,14,2,939,36.8,27.2,7.1,4.3,1.1,1.1,40918900
129,Anthony Edwards,Timberwolves,Guard,6-4,225,USA,2001-08-05T00:00:00,2,1,144,33.2,20.3,4.7,3.4,1.3,0.6,10245480
130,Carsen Edwards,Celtics,Guard,5-11,200,USA,1998-03-12T00:00:00,4,33,72,9.8,3.7,1.1,0.7,0.3,0.1,
131,Kessler Edwards,Nets,Forward,6-7,203,USA,2000-08-09T00:00:00,1,44,48,20.6,5.9,3.6,0.6,0.6,0.5,
132,CJ Elleby,Timberwolves,Forward-Guard,6-6,200,USA,2000-06-16T00:00:00,2,46,88,15.5,4.6,2.9,1.1,0.5,0.3,1517981
133,Wayne Ellington,Lakers,Guard,6-4,207,USA,1987-11-29T00:00:00,13,28,770,20.9,8.0,2.1,1.1,0.5,0.1,2641691
134,Joel Embiid,76ers,Center-Forward,7-0,280,Cameroon,1994-03-16T00:00:00,6,3,328,31.2,26.0,11.4,3.3,0.9,1.7,31579390
135,Derrick Favors,Thunder,Forward,6-9,265,USA,1991-07-15T00:00:00,12,3,790,24.3,10.6,7.1,1.1,0.7,1.2,9720900
136,Bruno Fernando,Rockets,Forward-Center,6-9,240,Angola,1998-08-15T00:00:00,3,34,119,9.2,3.2,2.8,0.6,0.2,0.3,1782621
137,Dorian Finney-Smith,Mavericks,Forward,6-7,220,USA,1993-05-04T00:00:00,6,Undrafted,394,27.3,8.2,4.5,1.4,0.8,0.4,4000000
138,Malik Fitts,Celtics,Forward,6-5,230,USA,1997-07-04T00:00:00,3,Undrafted,18,4.1,1.3,1.1,0.3,0.0,0.0,85578
139,Malachi Flynn,Raptors,Guard,6-1,175,USA,1998-05-09T00:00:00,2,29,91,16.1,6.0,2.0,2.3,0.6,0.1,2048040
140,Bryn Forbes,Timberwolves,Guard,6-2,205,USA,1993-07-23T00:00:00,6,Undrafted,406,20.5,9.1,1.7,1.2,0.4,0.0,
141,Trent Forrest,Hawks,Guard,6-4,210,USA,1998-06-12T00:00:00,2,Undrafted,90,11.9,3.1,1.6,1.7,0.4,0.1,
142,Evan Fournier,Knicks,Guard-Forward,6-6,205,France,1992-10-29T00:00:00,10,20,645,28.6,14.3,2.7,2.6,0.9,0.2,18139535
143,De'Aaron Fox,Kings,Guard,6-3,185,USA,1997-12-20T00:00:00,5,5,322,32.1,19.1,3.5,6.2,1.3,0.4,28103550
144,Melvin Frazier Jr.,Magic,Guard-Forward,6-5,215,USA,1996-08-30T00:00:00,4,35,32,9.1,2.7,0.9,0.2,0.3,0.1,
145,Markelle Fultz,Magic,Guard,6-4,209,USA,1998-05-29T00:00:00,5,1,131,24.8,10.9,3.2,4.8,1.1,0.2,16500000
146,Wenyen Gabriel,Lakers,Forward,6-9,205,South Sudan,1997-03-26T00:00:00,3,Undrafted,77,10.8,3.6,2.6,0.4,0.3,0.3,
147,Daniel Gafford,Wizards,Forward-Center,6-9,234,USA,1998-10-01T00:00:00,3,38,169,16.8,7.6,4.4,0.7,0.4,1.4,1782621
148,Danilo Gallinari,Celtics,Forward,6-10,236,Italy,1988-08-08T00:00:00,13,6,728,29.9,15.6,4.8,1.9,0.7,0.4,20475000
149,Darius Garland,Cavaliers,Guard,6-1,192,USA,2000-01-26T00:00:00,3,5,181,33.4,17.4,2.6,6.3,1.1,0.1,7040880
150,Usman Garuba,Rockets,Forward,6-8,229,Spain,2002-03-09T00:00:00,1,23,24,10.0,2.0,3.5,0.7,0.4,0.5,2353320
151,Luka Garza,Pistons,Center,6-10,243,USA,1998-12-27T00:00:00,1,52,32,12.2,5.8,3.1,0.6,0.3,0.2,925258
152,Rudy Gay,Jazz,Forward-Guard,6-8,250,USA,1986-08-17T00:00:00,16,8,1064,31.7,16.3,5.8,2.1,1.1,0.7,5890000
153,Paul George,Clippers,Forward,6-8,220,USA,1990-05-02T00:00:00,12,10,737,33.6,20.4,6.4,3.6,1.7,0.4,39344970
154,Taj Gibson,Wizards,Forward,6-9,232,USA,1985-06-24T00:00:00,13,26,896,24.5,9.0,6.1,1.0,0.6,1.0,4910000
155,Josh Giddey,Thunder,Guard,6-8,205,Australia,2002-10-10T00:00:00,1,6,54,31.5,12.5,7.8,6.4,0.9,0.4,5988000
156,Shai Gilgeous-Alexander,Thunder,Guard,6-6,180,Canada,1998-07-12T00:00:00,4,11,243,31.8,18.2,4.5,4.3,1.1,0.7,5495532
157,Anthony Gill,Wizards,Forward,6-7,230,USA,1992-10-17T00:00:00,2,Undrafted,70,9.7,3.7,1.9,0.5,0.2,0.2,1517981
158,Rudy Gobert,Timberwolves,Center,7-1,258,France,1992-06-26T00:00:00,9,27,611,30.0,12.4,11.7,1.3,0.7,2.2,35344828
159,Brandon Goodwin,Cavaliers,Guard,6-0,180,USA,1995-10-02T00:00:00,4,Undrafted,133,12.1,4.7,1.6,1.9,0.4,0.0,
160,Aaron Gordon,Nuggets,Forward,6-8,235,USA,1995-09-16T00:00:00,8,4,528,28.9,13.0,6.3,2.5,0.7,0.6,16409091
161,Eric Gordon,Rockets,Guard,6-3,215,USA,1988-12-25T00:00:00,14,7,749,32.4,16.4,2.4,2.8,0.9,0.3,18218818
162,Devonte' Graham,Pelicans,Guard,6-1,195,USA,1995-02-22T00:00:00,4,34,240,27.9,12.8,2.5,5.0,0.9,0.1,11000000
163,Jerami Grant,Trail Blazers,Forward,6-8,210,USA,1994-03-12T00:00:00,8,39,555,26.0,11.4,3.9,1.3,0.6,1.1,20000000
164,Danny Green,Grizzlies,Guard,6-6,215,USA,1987-06-22T00:00:00,13,46,819,25.3,8.7,3.4,1.6,1.0,0.8,10000000
165,Draymond Green,Warriors,Forward,6-6,230,USA,1990-03-04T00:00:00,10,35,685,28.5,8.7,6.9,5.4,1.4,1.0,24026712
166,JaMychal Green,Warriors,Forward-Center,6-8,227,USA,1990-06-21T00:00:00,8,Undrafted,487,20.8,7.9,5.7,0.9,0.6,0.4,8292683
167,Jalen Green,Rockets,Guard,6-4,186,USA,2002-02-09T00:00:00,1,2,67,31.9,17.3,3.4,2.6,0.7,0.3,8992200
168,Javonte Green,Bulls,Guard-Forward,6-5,205,USA,1993-07-23T00:00:00,3,Undrafted,154,16.0,5.0,2.9,0.7,0.8,0.3,1669178
169,Jeff Green,Nuggets,Forward,6-8,235,USA,1986-08-28T00:00:00,14,5,1051,29.0,12.6,4.3,1.5,0.7,0.5,4500000
170,Josh Green,Mavericks,Guard,6-5,200,Australia,2000-11-16T00:00:00,2,18,106,14.0,4.0,2.3,1.0,0.6,0.2,2957520
171,Blake Griffin,Nets,Forward,6-9,250,USA,1989-03-16T00:00:00,12,1,724,32.9,19.8,8.2,4.1,0.8,0.5,32405817
172,Quentin Grimes,Knicks,Guard,6-4,210,USA,2000-05-08T00:00:00,1,25,46,17.1,6.0,2.0,1.0,0.7,0.2,2168760
173,Rui Hachimura,Wizards,Forward,6-8,230,Japan,1998-02-08T00:00:00,3,9,147,28.5,13.0,5.2,1.5,0.7,0.2,4916160
174,Tyrese Haliburton,Pacers,Guard,6-5,185,USA,2000-02-29T00:00:00,2,12,135,32.9,14.3,3.6,6.9,1.6,0.6,4023600
175,R.J. Hampton,Magic,Guard,6-4,175,USA,2001-02-07T00:00:00,2,24,115,19.9,7.3,3.2,2.1,0.5,0.2,2303040
176,Tim Hardaway Jr.,Mavericks,Guard-Forward,6-5,205,USA,1992-03-16T00:00:00,9,24,586,27.0,13.9,2.8,1.9,0.6,0.1,21306816
177,James Harden,76ers,Guard,6-5,220,USA,1989-08-26T00:00:00,13,3,942,34.6,24.9,5.6,6.8,1.5,0.5,43848000
178,Maurice Harkless,Hawks,Forward-Guard,6-7,220,USA,1993-05-11T00:00:00,10,15,621,22.6,6.9,3.5,0.9,0.9,0.6,4347600
179,Jared Harper,Pelicans,Guard,5-10,175,USA,1997-09-14T00:00:00,3,Undrafted,16,4.2,2.6,0.3,0.9,0.3,0.1,
180,Montrezl Harrell,Hornets,Forward-Center,6-7,240,USA,1994-01-26T00:00:00,7,32,458,21.5,12.9,5.3,1.4,0.6,0.8,9720900
181,Gary Harris,Magic,Guard,6-4,210,USA,1994-09-14T00:00:00,8,19,468,28.8,11.8,2.5,2.1,1.2,0.2,20482143
182,Joe Harris,Nets,Guard-Forward,6-6,220,USA,1991-09-06T00:00:00,8,33,414,25.6,11.1,3.2,1.6,0.5,0.2,17357143
183,Tobias Harris,76ers,Forward,6-7,226,USA,1992-07-15T00:00:00,11,19,753,31.4,16.4,6.2,2.3,0.7,0.5,36000000
184,Josh Hart,Trail Blazers,Guard,6-5,215,USA,1995-03-06T00:00:00,5,30,296,27.3,9.9,5.7,2.1,0.9,0.4,12000000
185,Isaiah Hartenstein,Knicks,Center-Forward,7-0,250,Germany,1998-05-05T00:00:00,4,43,165,13.7,5.8,3.9,1.5,0.5,0.8,3430810
186,Udonis Haslem,Heat,Forward,6-8,235,USA,1980-06-09T00:00:00,19,Undrafted,872,24.8,7.5,6.6,0.8,0.5,0.3,2641691
187,Sam Hauser,Celtics,Forward,6-7,217,USA,1997-12-08T00:00:00,1,Undrafted,26,6.1,2.5,1.1,0.4,0.0,0.1,313737
188,Jaxson Hayes,Pelicans,Center-Forward,6-11,220,USA,2000-05-23T00:00:00,3,8,194,17.7,8.1,4.3,0.7,0.4,0.8,5348280
189,Killian Hayes,Pistons,Guard,6-5,195,France,2001-07-27T00:00:00,2,7,92,25.2,6.8,3.0,4.5,1.1,0.5,5572680
190,Gordon Hayward,Hornets,Forward,6-7,225,USA,1990-03-23T00:00:00,12,9,734,31.1,15.6,4.5,3.5,1.0,0.4,29900000
191,Juancho Hernangomez,Raptors,Forward,6-9,214,Spain,1995-09-28T00:00:00,6,15,297,15.7,5.4,3.4,0.6,0.4,0.2,6175440
192,Willy Hernangomez,Pelicans,Center-Forward,6-11,250,Spain,1994-05-27T00:00:00,6,35,306,15.3,7.4,5.9,1.1,0.4,0.4,2327220
193,Tyler Herro,Heat,Guard,6-5,195,USA,2000-01-20T00:00:00,3,13,175,30.3,16.7,4.7,3.2,0.6,0.2,4004280
194,Buddy Hield,Pacers,Guard,6-4,220,Bahamas,1992-12-17T00:00:00,6,6,468,29.2,15.9,4.3,2.5,0.8,0.3,22477273
195,Haywood Highsmith,Heat,Forward,6-4,220,USA,1996-12-09T00:00:00,2,,24,8.5,2.2,1.3,0.3,0.1,0.1,85578
196,George Hill,Bucks,Guard,6-4,188,USA,1986-05-04T00:00:00,14,26,869,27.2,10.7,3.0,3.1,0.9,0.3,4000000
197,Malcolm Hill,Bulls,Forward,6-6,220,USA,1995-10-26T00:00:00,1,Undrafted,19,11.2,3.8,1.8,0.4,0.4,0.2,
198,Nate Hinton,Pacers,Guard-Forward,6-5,210,USA,1999-06-08T00:00:00,3,Undrafted,23,4.2,1.8,0.4,0.3,0.3,0.1,
199,Aaron Holiday,Hawks,Guard,6-0,185,USA,1996-09-30T00:00:00,4,23,245,18.2,7.3,1.8,2.4,0.7,0.2,3980551
200,Jrue Holiday,Bucks,Guard,6-3,205,USA,1990-06-12T00:00:00,13,17,839,33.2,16.2,4.0,6.4,1.5,0.5,30133333
201,Justin Holiday,Hawks,Forward-Guard,6-6,180,USA,1989-04-05T00:00:00,9,Undrafted,576,24.6,8.7,3.0,1.5,1.0,0.4,6006420
202,Richaun Holmes,Kings,Forward,6-10,235,USA,1993-10-15T00:00:00,7,37,376,21.1,9.6,5.8,1.1,0.6,1.1,10384500
203,Rodney Hood,Clippers,Guard-Forward,6-8,208,USA,1992-10-20T00:00:00,8,23,448,24.5,10.4,2.6,1.6,0.7,0.2,2239544
204,Al Horford,Celtics,Center-Forward,6-9,240,Dominican Republic,1986-06-03T00:00:00,15,3,950,32.2,13.7,8.2,3.3,0.8,1.2,27000000
205,Talen Horton-Tucker,Lakers,Guard,6-4,234,USA,2000-11-25T00:00:00,3,46,131,22.1,9.3,2.8,2.6,1.0,0.4,9500000
206,Danuel House Jr.,76ers,Forward-Guard,6-6,220,USA,1993-06-07T00:00:00,6,Undrafted,204,24.4,8.5,3.6,1.3,0.7,0.4,2045094
207,Dwight Howard,Lakers,Center-Forward,6-10,265,USA,1985-12-08T00:00:00,18,1,1242,31.8,15.7,11.8,1.3,0.9,1.8,2641691
208,Markus Howard,Nuggets,Guard,5-10,175,USA,1999-03-03T00:00:00,3,Undrafted,68,5.6,3.4,0.5,0.4,0.2,0.0,
209,Kevin Huerter,Kings,Guard-Forward,6-7,198,USA,1998-08-27T00:00:00,4,19,274,29.6,11.4,3.5,3.2,0.9,0.4,4253357
210,Elijah Hughes,Trail Blazers,Guard,6-5,215,USA,1998-03-10T00:00:00,2,39,54,9.2,2.9,1.2,0.5,0.3,0.2,1517981
211,Feron Hunt,Knicks,Forward,6-8,195,USA,1999-07-05T00:00:00,1,Undrafted,2,4.2,0.0,0.5,0.5,0.5,0.0,
212,De'Andre Hunter,Hawks,Forward-Guard,6-8,221,USA,1997-12-02T00:00:00,3,4,139,30.7,13.2,4.1,1.6,0.7,0.4,7775400
213,Bones Hyland,Nuggets,Guard,6-2,169,USA,2000-09-14T00:00:00,1,26,69,19.0,10.1,2.7,2.8,0.6,0.3,2096880
214,Serge Ibaka,Bucks,Forward,6-10,235,Republic of the Congo,1989-09-18T00:00:00,13,24,903,27.6,12.1,7.2,0.8,0.4,1.9,9742000
215,Andre Iguodala,Warriors,Guard-Forward,6-6,215,USA,1984-01-28T00:00:00,18,9,1223,32.2,11.4,4.9,4.2,1.4,0.5,2641691
216,Joe Ingles,Bucks,Forward-Guard,6-8,220,Australia,1987-10-02T00:00:00,8,Undrafted,590,25.7,8.6,3.2,3.8,0.9,0.2,14000000
217,Brandon Ingram,Pelicans,Forward,6-8,190,USA,1997-09-02T00:00:00,6,2,368,32.8,18.5,5.2,3.8,0.7,0.6,29467800
218,Kyrie Irving,Nets,Guard,6-2,195,Australia,1992-03-23T00:00:00,11,1,611,34.0,23.1,3.8,5.7,1.3,0.4,34916200
219,Jonathan Isaac,Magic,Forward,6-10,230,USA,1997-10-03T00:00:00,3,6,136,25.8,9.3,5.4,1.1,1.1,1.5,17400000
220,Frank Jackson,Pistons,Guard,6-3,205,USA,1998-05-04T00:00:00,4,31,213,18.2,8.5,1.8,1.0,0.4,0.1,3000000
221,Isaiah Jackson,Pacers,Forward,6-10,205,USA,2002-01-10T00:00:00,1,22,36,15.0,8.3,4.1,0.3,0.7,1.4,2451120
222,Josh Jackson,Kings,Guard-Forward,6-8,207,USA,1997-02-10T00:00:00,5,4,291,23.1,11.3,4.0,1.8,0.9,0.6,5005350
223,Reggie Jackson,Clippers,Guard,6-2,208,USA,1990-04-16T00:00:00,11,24,703,25.6,13.1,3.0,4.3,0.7,0.1,10384500
224,Jaren Jackson Jr.,Grizzlies,Forward-Center,6-11,242,USA,1999-09-15T00:00:00,4,4,204,27.1,15.8,5.1,1.2,0.9,1.8,9180560
225,LeBron James,Lakers,Forward,6-9,250,USA,1984-12-30T00:00:00,19,1,1366,38.2,27.1,7.5,7.4,1.6,0.8,41180544
226,Ty Jerome,Thunder,Guard-Forward,6-5,195,USA,1997-07-08T00:00:00,3,24,112,17.1,7.1,1.9,2.4,0.6,0.1,2412840
227,Isaiah Joe,76ers,Guard,6-4,165,USA,1999-07-02T00:00:00,2,49,96,10.3,3.7,1.0,0.6,0.3,0.1,1517981
228,Cameron Johnson,Suns,Forward,6-8,210,USA,1996-03-03T00:00:00,3,11,183,24.2,10.4,3.6,1.4,0.7,0.3,4437000
229,David Johnson,Raptors,Guard,6-4,203,USA,2001-02-26T00:00:00,1,47,2,1.0,0.0,0.0,0.0,0.0,0.0,
230,Jalen Johnson,Hawks,Forward,6-8,219,USA,2001-12-18T00:00:00,1,20,22,5.5,2.4,1.2,0.1,0.1,0.1,2659560
231,Keldon Johnson,Spurs,Forward-Guard,6-6,220,USA,1999-10-11T00:00:00,3,29,161,28.9,14.4,5.8,1.8,0.7,0.2,2145720
232,Keon Johnson,Trail Blazers,Guard,6-4,185,USA,2002-03-10T00:00:00,1,21,37,18.8,7.2,2.2,2.1,0.8,0.3,2553120
233,Stanley Johnson,Lakers,Forward-Guard,6-6,242,USA,1996-05-29T00:00:00,7,8,419,20.1,6.3,3.1,1.5,0.9,0.2,888616
234,Nikola Jokic,Nuggets,Center,6-11,284,Serbia,1995-02-19T00:00:00,7,41,527,30.4,19.7,10.4,6.2,1.2,0.7,30510423
235,Damian Jones,Lakers,Center,6-11,245,USA,1995-06-30T00:00:00,6,30,199,15.2,5.6,3.4,0.8,0.4,0.7,1977011
236,Herbert Jones,Pelicans,Forward,6-7,206,USA,1998-10-06T00:00:00,1,35,78,29.9,9.5,3.8,2.1,1.7,0.8,1700000
237,Kai Jones,Hornets,Center-Forward,6-10,221,Bahamas,2001-01-19T00:00:00,1,19,21,3.0,1.0,0.5,0.2,0.0,0.1,2770560
238,Mason Jones,Lakers,Guard,6-4,200,USA,1998-07-21T00:00:00,3,Undrafted,36,10.7,5.4,1.8,1.3,0.3,0.0,
239,Tre Jones,Spurs,Guard,6-1,185,USA,2000-01-08T00:00:00,2,41,106,13.4,4.8,1.7,2.6,0.5,0.1,1517981
240,Tyus Jones,Grizzlies,Guard,6-0,196,USA,1996-05-10T00:00:00,7,24,455,18.4,6.2,1.8,3.7,1.0,0.1,7522200
241,Derrick Jones Jr.,Bulls,Forward,6-6,210,USA,1997-02-15T00:00:00,6,Undrafted,280,19.8,6.5,3.4,0.7,0.7,0.7,9720900
242,DeAndre Jordan,Nuggets,Center,6-11,265,USA,1988-07-21T00:00:00,14,35,980,26.7,9.1,10.3,1.0,0.5,1.5,10517224
243,Cory Joseph,Pistons,Guard,6-3,200,Canada,1991-08-20T00:00:00,11,29,728,22.2,7.1,2.6,3.0,0.8,0.2,7310000
244,Luke Kennard,Clippers,Guard,6-5,206,USA,1996-06-24T00:00:00,5,12,297,23.5,10.0,2.9,2.0,0.5,0.1,12727273
245,Braxton Key,Pistons,Forward,6-8,225,USA,1997-02-14T00:00:00,1,Undrafted,11,17.9,7.2,4.5,1.0,0.9,1.0,
246,Corey Kispert,Wizards,Forward,6-6,224,USA,1999-03-03T00:00:00,1,15,77,23.4,8.2,2.7,1.1,0.5,0.3,3383640
247,Maxi Kleber,Mavericks,Forward,6-10,240,Germany,1992-01-29T00:00:00,5,Undrafted,326,22.7,7.1,4.8,1.1,0.4,0.9,8750000
248,Nathan Knight,Timberwolves,Forward-Center,6-10,253,USA,1997-09-20T00:00:00,2,Undrafted,70,7.8,3.7,2.2,0.4,0.2,0.3,
249,Kevin Knox II,Pistons,Forward,6-7,215,USA,1999-08-11T00:00:00,4,9,212,18.9,7.7,2.9,0.8,0.4,0.3,
250,John Konchar,Grizzlies,Guard,6-5,210,USA,1996-03-22T00:00:00,3,Undrafted,134,15.3,4.4,3.8,1.3,0.6,0.3,2197674
251,Furkan Korkmaz,76ers,Guard-Forward,6-7,202,Turkey,1997-07-24T00:00:00,5,26,256,18.7,7.9,2.2,1.3,0.6,0.1,4629630
252,Luke Kornet,Celtics,Center-Forward,7-2,250,USA,1995-07-15T00:00:00,5,Undrafted,148,14.3,5.5,2.6,1.0,0.3,0.8,606702
253,Vit Krejci,Thunder,Guard,6-8,195,Czech Republic,2000-06-19T00:00:00,1,37,30,23.0,6.2,3.4,1.9,0.6,0.3,925258
254,Arnoldas Kulboka,Hornets,Forward,6-10,209,Lithuania,1998-01-04T00:00:00,1,55,2,2.7,0.0,0.0,0.0,0.0,0.0,
255,Jonathan Kuminga,Warriors,Forward,6-7,225,DRC,2002-10-06T00:00:00,1,7,70,16.9,9.3,3.3,0.9,0.4,0.3,5466360
256,Kyle Kuzma,Wizards,Forward,6-9,221,USA,1995-07-24T00:00:00,5,27,342,30.4,15.6,6.2,2.2,0.6,0.5,13000000
257,Zach LaVine,Bulls,Guard-Forward,6-5,200,USA,1995-03-10T00:00:00,8,13,478,31.8,19.8,3.9,3.9,0.9,0.3,19500000
258,Anthony Lamb,Rockets,Forward,6-6,227,USA,1998-01-20T00:00:00,2,Undrafted,26,16.3,5.1,2.7,1.0,0.2,0.2,
259,Jeremy Lamb,Kings,Guard-Forward,6-5,180,USA,1992-05-30T00:00:00,10,12,573,20.8,10.1,3.6,1.6,0.7,0.4,10500000
260,Jock Landale,Suns,Center,6-11,255,Australia,1995-10-25T00:00:00,1,Undrafted,54,10.9,4.9,2.6,0.8,0.2,0.3,925258
261,Romeo Langford,Spurs,Guard-Forward,6-5,216,USA,1999-10-25T00:00:00,3,14,98,14.5,3.6,1.9,0.5,0.4,0.3,3804360
262,Jake Layman,Timberwolves,Forward,6-8,209,USA,1994-03-07T00:00:00,6,47,243,12.8,4.8,1.7,0.5,0.4,0.3,3940184
263,Caris LeVert,Cavaliers,Guard,6-6,205,USA,1994-08-25T00:00:00,6,20,318,27.5,14.6,3.8,4.0,1.1,0.3,17500000
264,Damion Lee,Suns,Guard-Forward,6-5,210,USA,1992-10-21T00:00:00,5,Undrafted,216,21.0,8.2,3.5,1.4,0.7,0.1,1910860
265,Saben Lee,Pistons,Guard,6-2,183,USA,1999-06-23T00:00:00,2,38,85,16.3,5.6,2.2,3.3,0.8,0.3,1489065
266,Alex Len,Kings,Center,7-0,250,Ukraine,1993-06-16T00:00:00,9,5,570,18.9,7.7,5.9,0.9,0.4,1.0,3731707
267,Kawhi Leonard,Clippers,Forward,6-7,225,USA,1991-06-29T00:00:00,10,15,576,31.3,19.2,6.4,2.9,1.8,0.6,39344900
268,Scottie Lewis,Hornets,Guard,6-5,185,USA,2000-03-12T00:00:00,1,56,2,3.3,0.5,0.0,0.5,0.5,0.0,
269,Kira Lewis Jr.,Pelicans,Guard,6-1,170,USA,2001-04-06T00:00:00,2,13,78,16.0,6.2,1.4,2.2,0.6,0.1,3822240
270,Damian Lillard,Trail Blazers,Guard,6-2,195,USA,1990-07-15T00:00:00,10,6,711,36.3,24.6,4.2,6.6,1.0,0.3,39344900
271,Nassir Little,Trail Blazers,Forward-Guard,6-5,220,USA,2000-02-11T00:00:00,3,25,138,16.7,5.8,3.4,0.7,0.3,0.5,2316240
272,Isaiah Livers,Pistons,Forward,6-6,232,USA,1998-07-28T00:00:00,1,42,19,20.2,6.4,3.0,1.1,0.7,0.4,1057260
273,Kevon Looney,Warriors,Forward,6-9,222,USA,1996-02-06T00:00:00,7,30,367,16.4,4.7,4.8,1.4,0.5,0.6,5178572
274,Brook Lopez,Bucks,Center,7-0,282,USA,1988-04-01T00:00:00,14,10,868,30.2,16.4,6.2,1.4,0.6,1.8,13302325
275,Robin Lopez,Cavaliers,Center,7-0,281,USA,1988-04-01T00:00:00,14,15,939,21.9,8.7,4.9,0.8,0.2,1.1,5000000
276,Didi Louzada,Trail Blazers,Guard,6-5,188,Brazil,1999-07-02T00:00:00,2,35,12,15.5,3.6,1.7,0.7,0.3,0.2,1786878
277,Kevin Love,Cavaliers,Forward-Center,6-8,251,USA,1988-09-07T00:00:00,14,5,812,30.9,17.6,10.7,2.4,0.7,0.4,31300000
278,Kyle Lowry,Heat,Guard,6-0,196,USA,1986-03-25T00:00:00,16,24,1023,31.9,14.8,4.4,6.3,1.3,0.3,26984128
279,Gabriel Lundberg,Suns,Guard,6-4,203,Denmark,1994-12-04T00:00:00,1,Undrafted,4,11.1,3.3,1.8,2.8,0.8,0.0,
280,Timothe Luwawu-Cabarrot,Hawks,Guard-Forward,6-7,215,France,1995-05-09T00:00:00,6,24,328,16.0,5.9,2.0,0.9,0.4,0.1,1939350
281,Trey Lyles,Kings,Forward,6-9,234,Canada,1995-11-05T00:00:00,7,12,449,18.3,7.8,4.3,1.1,0.4,0.3,2500000
282,Theo Maledon,Thunder,Guard,6-4,175,France,2001-06-12T00:00:00,2,34,116,23.2,8.8,2.9,2.9,0.8,0.2,2000000
283,Sandro Mamukelashvili,Bucks,Forward-Center,6-9,240,Georgia,1999-05-23T00:00:00,1,54,41,9.9,3.8,2.0,0.5,0.2,0.2,
284,Terance Mann,Clippers,Guard-Forward,6-5,215,USA,1996-10-18T00:00:00,3,48,189,20.9,7.6,3.8,1.9,0.5,0.2,1782621
285,Tre Mann,Thunder,Guard,6-3,178,USA,2001-02-03T00:00:00,1,18,60,22.8,10.4,2.9,1.5,0.8,0.2,2901240
286,Boban Marjanovic,Rockets,Center,7-3,290,Serbia,1988-08-15T00:00:00,7,Undrafted,286,9.2,5.9,3.8,0.5,0.2,0.3,3500000
287,Lauri Markkanen,Cavaliers,Forward-Center,6-11,240,Finland,1997-05-22T00:00:00,5,7,282,29.7,15.4,6.8,1.3,0.7,0.5,15690909
288,Naji Marshall,Pelicans,Forward,6-7,220,USA,1998-01-24T00:00:00,2,Undrafted,87,16.5,6.4,3.3,1.7,0.7,0.2,1517981
289,Caleb Martin,Heat,Forward,6-5,205,USA,1995-09-28T00:00:00,3,Undrafted,131,19.1,7.1,3.1,1.2,0.8,0.4,527614
290,Cody Martin,Hornets,Forward,6-6,205,USA,1995-09-28T00:00:00,3,36,171,21.2,5.8,3.5,2.1,1.0,0.3,1782621
291,Kenyon Martin Jr.,Rockets,Forward,6-5,215,USA,2001-01-06T00:00:00,2,52,124,22.0,9.0,4.3,1.2,0.5,0.7,1517981
292,Garrison Mathews,Rockets,Guard,6-5,215,USA,1996-10-24T00:00:00,3,Undrafted,147,20.3,7.5,2.0,0.7,0.6,0.2,1093598
293,Wesley Matthews,Bucks,Guard,6-4,220,USA,1986-10-14T00:00:00,13,Undrafted,898,30.5,12.2,2.9,2.0,1.0,0.2,1958501
294,Tyrese Maxey,76ers,Guard,6-2,200,USA,2000-11-04T00:00:00,2,21,136,26.4,13.2,2.5,3.2,0.6,0.3,2602920
295,Skylar Mays,Hawks,Guard,6-4,205,USA,1997-09-05T00:00:00,2,50,61,8.0,3.3,1.0,0.8,0.3,0.0,
296,Miles McBride,Knicks,Guard,6-1,195,USA,2000-09-08T00:00:00,1,36,40,9.3,2.2,1.1,1.0,0.4,0.0,925258
297,Mac McClung,Warriors,Guard,6-2,185,USA,1999-01-06T00:00:00,1,Undrafted,2,12.2,4.0,1.5,0.5,0.5,0.5,
298,CJ McCollum,Pelicans,Guard,6-3,190,USA,1991-09-19T00:00:00,9,10,590,31.6,19.2,3.5,3.5,0.9,0.4,30864198
299,T.J. McConnell,Pacers,Guard,6-1,190,USA,1992-03-25T00:00:00,7,,481,22.2,6.9,3.0,5.0,1.3,0.2,7500000
300,Jaden McDaniels,Timberwolves,Forward,6-9,185,USA,2000-09-29T00:00:00,2,28,133,24.9,8.1,3.9,1.1,0.7,0.9,2063280
301,Jalen McDaniels,Hornets,Forward-Center,6-9,205,USA,1998-01-31T00:00:00,3,52,118,17.7,6.6,3.4,1.1,0.5,0.4,1782621
302,Doug McDermott,Spurs,Forward,6-7,225,USA,1992-01-03T00:00:00,8,11,527,20.9,9.2,2.3,0.9,0.2,0.1,13750000
303,JaVale McGee,Mavericks,Center-Forward,7-0,270,USA,1988-01-19T00:00:00,14,18,821,17.0,8.0,5.3,0.4,0.4,1.5,5000000
304,Rodney McGruder,Pistons,Guard,6-4,205,USA,1991-07-29T00:00:00,6,Undrafted,285,19.8,5.8,2.8,1.2,0.5,0.2,1939350
305,Jordan McLaughlin,Timberwolves,Guard,5-11,185,USA,1996-04-09T00:00:00,3,Undrafted,143,17.0,5.0,1.8,3.5,1.0,0.1,1669178
306,Ben McLemore,Trail Blazers,Guard,6-3,195,USA,1993-02-11T00:00:00,9,7,556,22.5,9.0,2.3,1.0,0.6,0.2,2389641
307,De'Anthony Melton,76ers,Guard,6-2,200,USA,1998-05-28T00:00:00,4,46,235,20.7,8.4,3.6,2.8,1.3,0.5,8437500
308,Chimezie Metu,Kings,Forward-Center,6-9,225,USA,1997-03-22T00:00:00,4,49,143,14.1,6.1,3.6,0.8,0.5,0.4,1762796
309,Khris Middleton,Bucks,Forward,6-7,222,USA,1991-08-12T00:00:00,10,39,651,31.8,17.1,4.9,3.8,1.2,0.2,35500000
310,Patty Mills,Nets,Guard,6-0,180,Australia,1988-08-11T00:00:00,13,55,820,20.7,9.2,1.7,2.3,0.7,0.1,5890000
311,Paul Millsap,76ers,Forward,6-7,257,USA,1985-02-10T00:00:00,16,47,1085,28.1,13.4,7.1,2.2,1.2,1.0,2641691
312,Shake Milton,76ers,Guard-Forward,6-5,205,USA,1996-09-26T00:00:00,4,54,178,20.9,9.7,2.3,2.6,0.5,0.3,1846738
313,Davion Mitchell,Kings,Guard,6-0,202,USA,1998-09-05T00:00:00,1,9,75,27.7,11.5,2.2,4.2,0.7,0.3,4603320
314,Donovan Mitchell,Jazz,Guard,6-1,215,USA,1996-09-07T00:00:00,5,13,345,33.7,23.9,4.2,4.5,1.3,0.3,28103550
315,Evan Mobley,Cavaliers,Center,6-11,215,USA,2001-06-18T00:00:00,1,3,69,33.8,15.0,8.3,2.5,0.8,1.7,8075160
316,Malik Monk,Kings,Guard,6-3,200,USA,1998-02-04T00:00:00,5,11,309,20.4,10.3,2.3,2.0,0.5,0.2,1789256
317,Greg Monroe,Timberwolves,Forward-Center,6-10,250,USA,1990-06-04T00:00:00,10,7,646,27.4,13.0,8.2,2.1,1.1,0.6,
318,Moses Moody,Warriors,Guard,6-5,211,USA,2002-05-31T00:00:00,1,14,52,11.7,4.4,1.5,0.4,0.1,0.2,3562080
319,Xavier Moon,Clippers,Guard,6-2,165,USA,1995-01-02T00:00:00,1,Undrafted,10,13.7,5.8,1.4,2.4,0.7,0.3,
320,Ja Morant,Grizzlies,Guard,6-3,174,USA,1999-08-10T00:00:00,3,2,187,32.2,21.2,4.5,7.1,1.0,0.3,9603360
321,Juwan Morgan,Celtics,Forward,6-7,232,USA,1997-04-17T00:00:00,4,Undrafted,52,6.0,1.5,1.2,0.3,0.1,0.1,
322,Markieff Morris,Heat,Forward,6-9,245,USA,1989-09-02T00:00:00,11,13,715,24.8,10.9,5.2,1.6,0.8,0.5,2641691
323,Monte Morris,Wizards,Guard,6-2,183,USA,1995-06-27T00:00:00,5,51,280,25.2,10.5,2.3,3.7,0.8,0.2,8333333
324,Marcus Morris Sr.,Clippers,Forward,6-8,218,USA,1989-09-02T00:00:00,11,14,718,27.1,12.4,4.6,1.5,0.7,0.3,
325,Mychal Mulder,Heat,Guard,6-3,195,Canada,1994-06-12T00:00:00,4,Undrafted,84,14.4,5.8,1.3,0.5,0.2,0.2,
326,Trey Murphy III,Pelicans,Forward,6-8,206,USA,2000-06-18T00:00:00,1,17,62,13.9,5.4,2.4,0.6,0.4,0.1,3053760
327,Dejounte Murray,Hawks,Guard,6-4,180,USA,1996-09-19T00:00:00,5,29,320,25.8,12.5,6.0,4.8,1.4,0.3,15428571
328,Jamal Murray,Nuggets,Guard,6-3,215,Canada,1997-02-23T00:00:00,5,7,345,30.1,16.3,3.6,3.8,1.0,0.3,31590000
329,Mike Muscala,Thunder,Forward-Center,6-10,240,USA,1991-07-01T00:00:00,9,44,432,15.5,6.2,3.2,0.9,0.3,0.5,3500000
330,Svi Mykhailiuk,Raptors,Guard-Forward,6-7,205,Ukraine,1997-06-10T00:00:00,4,47,220,17.0,6.6,1.8,1.4,0.6,0.1,1729217
331,Larry Nance Jr.,Pelicans,Forward-Center,6-7,245,USA,1993-01-01T00:00:00,7,27,396,24.1,8.1,6.5,1.9,1.2,0.5,10690909
332,RJ Nembhard Jr.,Cavaliers,Guard,6-4,200,USA,1999-03-22T00:00:00,1,Undrafted,14,4.5,1.1,0.5,0.9,0.1,0.0,
333,Aaron Nesmith,Pacers,Guard-Forward,6-5,215,USA,1999-10-16T00:00:00,2,14,98,12.7,4.2,2.2,0.5,0.4,0.1,3631200
334,Raul Neto,Cavaliers,Guard,6-2,180,Brazil,1992-05-19T00:00:00,7,47,387,16.2,6.0,1.6,2.2,0.7,0.1,2089448
335,Georges Niang,76ers,Forward,6-7,230,USA,1993-06-17T00:00:00,6,50,305,14.6,6.1,2.0,0.8,0.3,0.1,3300000
336,Daishen Nix,Rockets,Guard,6-4,226,USA,2002-02-13T00:00:00,1,Undrafted,24,10.9,3.2,1.4,1.7,0.6,0.0,292466
337,Zeke Nnaji,Nuggets,Forward-Center,6-9,240,USA,2001-01-09T00:00:00,2,22,83,13.2,4.9,2.6,0.3,0.3,0.2,2498760
338,Nerlens Noel,Pistons,Center-Forward,6-11,220,USA,1994-04-10T00:00:00,8,6,450,22.4,7.3,6.2,1.1,1.3,1.5,8800000
339,Jaylen Nowell,Timberwolves,Guard,6-4,201,USA,1999-07-09T00:00:00,3,43,119,15.8,8.1,1.9,1.8,0.4,0.2,1782621
340,Frank Ntilikina,Mavericks,Guard,6-4,200,France,1998-07-28T00:00:00,5,8,269,17.9,5.2,1.8,2.3,0.7,0.2,1789256
341,Kendrick Nunn,Lakers,Guard,6-2,190,USA,1995-08-03T00:00:00,2,Undrafted,123,29.4,15.0,2.9,3.0,0.9,0.2,5000000
342,Jusuf Nurkic,Trail Blazers,Center,6-11,290,Bosnia and Herzegovina,1994-08-23T00:00:00,8,16,411,23.9,12.2,8.5,2.2,0.9,1.2,12000000
343,David Nwaba,Rockets,Guard-Forward,6-5,219,USA,1993-01-14T00:00:00,6,Undrafted,237,19.3,6.8,3.7,1.0,0.7,0.4,4650000
344,Jordan Nwora,Bucks,Forward,6-8,225,USA,1998-09-09T00:00:00,2,45,92,15.9,7.2,3.1,0.7,0.5,0.3,1517981
345,Royce O'Neale,Nets,Forward,6-5,226,USA,1993-06-05T00:00:00,5,Undrafted,370,25.7,6.2,4.8,2.1,0.8,0.4,8678571
346,Chuma Okeke,Magic,Forward,6-6,229,USA,1998-08-18T00:00:00,2,16,115,25.1,8.3,4.6,1.9,1.3,0.6,3277080
347,Josh Okogie,Suns,Guard,6-4,213,Nigeria,1998-09-01T00:00:00,4,20,244,20.6,6.4,2.9,1.1,1.0,0.4,4087904
348,Onyeka Okongwu,Hawks,Forward-Center,6-8,240,USA,2000-12-11T00:00:00,2,6,98,16.3,6.3,4.6,0.7,0.6,0.9,6104280
349,Isaac Okoro,Cavaliers,Forward-Guard,6-5,225,USA,2001-01-26T00:00:00,2,5,134,31.0,9.2,3.0,1.9,0.9,0.3,6720720
350,Victor Oladipo,Heat,Guard,6-4,213,USA,1992-05-04T00:00:00,9,2,462,32.8,17.4,4.6,3.9,1.6,0.5,2389641
351,Kelly Olynyk,Pistons,Forward-Center,6-11,240,Canada,1991-04-19T00:00:00,9,13,610,22.0,10.1,5.1,2.0,0.8,0.5,12195122
352,Cedi Osman,Cavaliers,Forward,6-7,230,Turkey,1995-04-08T00:00:00,5,31,327,24.5,10.0,3.2,2.1,0.7,0.1,8050000
353,Kelly Oubre Jr.,Hornets,Forward-Guard,6-6,203,USA,1995-12-09T00:00:00,7,15,479,25.2,12.0,4.3,1.0,0.9,0.5,12000000
354,Eric Paschall,Timberwolves,Forward,6-6,255,USA,1996-11-04T00:00:00,3,41,158,19.5,9.8,3.2,1.4,0.3,0.2,1782621
355,Chris Paul,Suns,Guard,6-0,175,USA,1985-05-06T00:00:00,17,4,1155,34.5,18.1,4.5,9.5,2.1,0.1,30800000
356,Cameron Payne,Suns,Guard,6-1,183,USA,1994-08-08T00:00:00,7,14,279,17.9,7.6,2.2,3.2,0.7,0.2,6500000
357,Elfrid Payton,Suns,Guard,6-3,195,USA,1994-02-22T00:00:00,8,10,500,26.8,10.1,4.0,5.7,1.2,0.3,2239544
358,Gary Payton II,Trail Blazers,Guard,6-3,195,USA,1992-12-01T00:00:00,6,Undrafted,142,14.5,5.2,2.8,1.1,1.0,0.3,1939350
359,Jamorko Pickett,Pistons,Forward,6-9,206,USA,1997-12-24T00:00:00,1,Undrafted,13,13.6,3.8,2.5,0.5,0.0,0.5,
360,Theo Pinson,Mavericks,Guard-Forward,6-5,212,USA,1995-11-05T00:00:00,4,Undrafted,87,8.7,2.9,1.3,1.1,0.3,0.1,
361,Mason Plumlee,Hornets,Forward-Center,6-11,254,USA,1990-03-05T00:00:00,9,22,661,22.3,8.3,6.6,2.4,0.8,0.9,8137500
362,Jakob Poeltl,Spurs,Center,7-1,245,Austria,1995-10-15T00:00:00,6,9,416,20.2,7.3,6.1,1.4,0.5,1.3,8750000
363,Alekesej Pokusevski,Thunder,Forward,7-0,190,Serbia,2001-12-26T00:00:00,2,17,106,21.9,7.8,5.0,2.2,0.6,0.8,
364,Yves Pons,Grizzlies,Forward,6-5,206,France,1999-05-07T00:00:00,1,Undrafted,12,5.9,1.1,1.0,0.1,0.1,0.3,
365,Jordan Poole,Warriors,Guard,6-4,194,USA,1999-06-19T00:00:00,3,28,184,24.7,13.7,2.6,2.9,0.7,0.2,2161440
366,Kevin Porter Jr.,Rockets,Guard-Forward,6-4,203,USA,2000-05-04T00:00:00,3,30,137,28.5,13.7,3.9,4.7,1.0,0.3,2130240
367,Michael Porter Jr.,Nuggets,Forward,6-10,218,USA,1998-06-29T00:00:00,3,14,125,24.6,14.1,6.1,1.1,0.6,0.6,5258735
368,Otto Porter Jr.,Raptors,Forward,6-8,198,USA,1993-06-03T00:00:00,9,3,504,26.0,10.6,5.1,1.5,1.1,0.4,2389641
369,Bobby Portis,Bucks,Forward,6-10,250,USA,1995-02-10T00:00:00,7,22,453,21.7,11.1,6.6,1.2,0.6,0.4,4347600
370,Kristaps Porzingis,Wizards,Forward-Center,7-3,240,Latvia,1995-08-02T00:00:00,6,4,337,30.8,18.9,7.9,1.6,0.7,1.9,31650600
371,Dwight Powell,Mavericks,Forward-Center,6-10,240,Canada,1991-07-20T00:00:00,8,45,511,19.0,7.7,4.6,1.0,0.6,0.5,11000000
372,Myles Powell,76ers,Guard,6-2,195,USA,1997-07-07T00:00:00,1,Undrafted,11,4.7,1.2,0.5,0.3,0.1,0.0,
373,Norman Powell,Clippers,Guard,6-3,215,USA,1993-05-25T00:00:00,7,46,421,22.4,11.3,2.6,1.5,0.8,0.3,15517242
374,Joshua Primo,Spurs,Guard,6-4,189,Canada,2002-12-24T00:00:00,1,12,50,19.3,5.8,2.3,1.6,0.4,0.5,3946800
375,Taurean Prince,Timberwolves,Forward,6-6,218,USA,1994-03-22T00:00:00,6,12,370,24.2,10.5,3.9,1.7,0.8,0.4,15057692
376,Payton Pritchard,Celtics,Guard,6-1,195,USA,1998-01-28T00:00:00,2,26,137,16.6,6.9,2.1,1.9,0.5,0.1,2137440
377,Trevelin Queen,76ers,Guard,6-6,190,USA,1997-02-25T00:00:00,1,Undrafted,10,7.4,4.3,1.6,0.4,0.5,0.1,
378,Neemias Queta,Kings,Center,7-0,248,Portugal,1999-07-13T00:00:00,1,39,15,8.0,3.0,2.1,0.4,0.1,0.5,
379,Immanuel Quickley,Knicks,Guard,6-3,190,USA,1999-06-17T00:00:00,2,25,142,21.5,11.4,2.7,2.8,0.6,0.1,2210640
380,Julius Randle,Knicks,Forward-Center,6-8,250,USA,1994-11-29T00:00:00,8,7,518,31.2,17.7,9.3,3.6,0.7,0.5,19800000
381,Austin Reaves,Lakers,Guard,6-5,197,USA,1998-05-29T00:00:00,1,Undrafted,61,23.2,7.3,3.2,1.8,0.5,0.3,925258
382,Cam Reddish,Knicks,Forward-Guard,6-8,217,USA,1999-09-01T00:00:00,3,10,133,24.9,10.5,3.2,1.3,1.1,0.4,4670160
383,Davon Reed,Nuggets,Guard,6-5,206,USA,1995-06-11T00:00:00,3,32,79,12.1,3.6,1.9,0.9,0.4,0.1,
384,Paul Reed,76ers,Forward,6-9,210,USA,1999-06-14T00:00:00,2,58,64,7.5,3.2,2.4,0.4,0.7,0.4,1517981
385,Naz Reid,Timberwolves,Center-Forward,6-9,264,USA,1999-08-26T00:00:00,3,Undrafted,177,17.3,9.5,4.2,1.0,0.5,1.0,1782621
386,Nick Richards,Hornets,Center,7-0,245,Jamaica,1997-11-29T00:00:00,2,42,68,6.3,2.4,1.4,0.2,0.1,0.3,1517981
387,Josh Richardson,Spurs,Guard,6-5,200,USA,1993-09-15T00:00:00,7,40,438,29.8,12.0,3.1,2.7,1.1,0.6,11600000
388,Austin Rivers,Timberwolves,Guard,6-4,200,USA,1992-08-01T00:00:00,10,10,655,24.2,8.8,2.1,2.2,0.7,0.2,2401537
389,Duncan Robinson,Heat,Forward,6-7,215,USA,1994-04-22T00:00:00,4,Undrafted,239,27.7,11.9,2.9,1.5,0.5,0.2,15560000
390,Mitchell Robinson,Knicks,Center-Forward,7-0,240,USA,1998-04-01T00:00:00,4,36,230,23.8,8.4,7.5,0.6,0.9,2.0,1802057
391,Jeremiah Robinson-Earl,Thunder,Forward,6-8,242,USA,2000-11-03T00:00:00,1,32,49,22.2,7.5,5.6,1.0,0.6,0.3,2000000
392,Isaiah Roby,Spurs,Forward,6-8,230,USA,1998-02-03T00:00:00,3,45,109,21.9,9.1,5.1,1.6,0.8,0.7,1782621
393,Rajon Rondo,Cavaliers,Guard,6-1,180,USA,1986-02-22T00:00:00,17,21,957,29.9,9.8,4.5,7.9,1.6,0.1,2641691
394,Derrick Rose,Knicks,Guard,6-2,200,USA,1988-10-04T00:00:00,13,1,672,31.7,18.2,3.3,5.4,0.8,0.3,13445120
395,Terrence Ross,Magic,Guard-Forward,6-6,206,USA,1991-02-05T00:00:00,10,8,670,24.8,11.2,2.8,1.3,0.8,0.3,12500000
396,Terry Rozier,Hornets,Guard,6-1,190,USA,1994-03-17T00:00:00,7,16,477,26.1,12.7,3.9,3.2,0.9,0.2,17905263
397,Ricky Rubio,Cavaliers,Guard,6-2,190,Spain,1990-10-21T00:00:00,11,5,665,30.3,11.1,4.2,7.6,1.8,0.1,17809524
398,D'Angelo Russell,Timberwolves,Guard,6-4,193,USA,1996-02-23T00:00:00,7,2,424,29.4,17.7,3.5,5.6,1.1,0.3,30013500
399,Matt Ryan,Celtics,Forward,6-7,215,USA,1997-04-17T00:00:00,1,Undrafted,1,5.3,3.0,0.0,0.0,1.0,0.0,
400,Domantas Sabonis,Kings,Forward-Center,6-11,240,Lithuania,1996-05-03T00:00:00,6,11,415,28.4,14.4,9.2,3.6,0.7,0.4,18562500
401,Dario Saric,Suns,Forward-Center,6-10,225,Croatia,1994-04-08T00:00:00,5,12,356,25.2,11.7,5.9,2.0,0.6,0.2,9000000
402,Tomas Satoransky,Wizards,Guard,6-7,210,Czech Republic,1991-10-30T00:00:00,7,32,388,22.2,6.9,2.9,4.1,0.8,0.2,10468119
403,Jordan Schakel,Wizards,Guard,6-6,200,USA,1998-06-13T00:00:00,1,Undrafted,4,7.6,1.3,2.0,0.0,0.3,0.0,
404,Admiral Schofield,Magic,Forward,6-5,241,United Kingdom,1997-03-30T00:00:00,2,42,71,11.8,3.5,1.9,0.6,0.2,0.1,
405,Dennis Schroder,Rockets,Guard,6-1,172,Germany,1993-09-15T00:00:00,9,17,621,26.5,14.2,2.9,4.7,0.8,0.1,5890000
406,Jay Scrubb,Clippers,Guard,6-5,220,USA,2000-09-01T00:00:00,3,55,22,9.3,3.8,1.4,0.4,0.4,0.1,
407,Alperen Sengun,Rockets,Center,6-10,243,Turkey,2002-07-25T00:00:00,1,16,72,20.7,9.6,5.5,2.6,0.8,0.9,3214680
408,Collin Sexton,Cavaliers,Guard,6-1,190,USA,1999-01-04T00:00:00,4,8,218,32.9,20.0,3.0,3.3,0.8,0.1,6349671
409,Landry Shamet,Suns,Guard,6-4,190,USA,1997-03-13T00:00:00,4,26,262,23.3,9.0,1.8,1.6,0.4,0.1,3768342
410,Day'Ron Sharpe,Nets,Center,6-9,265,USA,2001-11-06T00:00:00,1,29,32,12.2,6.2,5.0,0.5,0.3,0.5,2009040
411,Pascal Siakam,Raptors,Forward,6-8,230,Cameroon,1994-04-02T00:00:00,6,27,400,29.5,15.7,6.3,3.1,0.9,0.7,31320000
412,Ben Simmons,Nets,Guard-Forward,6-11,240,Australia,1996-07-20T00:00:00,4,1,275,33.9,15.9,8.1,7.7,1.7,0.7,31590000
413,Marko Simonovic,Bulls,Center,6-11,220,Montenegro,1999-10-15T00:00:00,1,44,9,3.9,1.9,1.1,0.0,0.1,0.1,925258
414,Anfernee Simons,Trail Blazers,Guard,6-3,181,USA,1999-06-08T00:00:00,4,24,211,20.7,10.2,2.2,2.0,0.4,0.1,3938818
415,Jericho Sims,Knicks,Center,6-9,250,USA,1998-10-20T00:00:00,1,58,41,13.5,2.2,4.1,0.5,0.3,0.5,
416,Javonte Smart,Heat,Guard,6-4,205,USA,1999-06-03T00:00:00,2,Undrafted,17,11.8,3.0,1.4,0.9,0.4,0.2,
417,Marcus Smart,Celtics,Guard,6-4,220,USA,1994-03-06T00:00:00,8,6,520,29.8,10.5,3.6,4.5,1.6,0.4,14339285
418,Ish Smith,Nuggets,Guard,6-0,175,USA,1988-07-05T00:00:00,12,Undrafted,719,20.0,7.6,2.5,3.9,0.7,0.3,4500000
419,Jalen Smith,Pacers,Forward-Center,6-10,215,USA,2000-03-16T00:00:00,2,10,78,13.8,6.7,4.4,0.4,0.2,0.6,4458000
420,Xavier Sneed,Jazz,Forward,6-5,215,USA,1997-12-21T00:00:00,1,Undrafted,9,4.3,0.6,0.7,0.1,0.0,0.0,1563518
421,Tony Snell,Pelicans,Guard,6-6,213,USA,1991-11-10T00:00:00,9,20,601,21.8,6.1,2.3,1.1,0.4,0.2,2389641
422,Jaden Springer,76ers,Guard,6-4,202,USA,2002-09-25T00:00:00,1,28,2,2.8,1.0,1.0,0.0,0.0,1.0,2023800
423,Nik Stauskas,Celtics,Guard,6-6,207,Canada,1993-10-07T00:00:00,7,8,343,19.5,6.7,2.0,1.5,0.4,0.2,
424,Lance Stephenson,Pacers,Forward,6-5,210,USA,1990-09-05T00:00:00,11,40,554,22.9,8.6,4.1,2.9,0.6,0.1,924730
425,Lamar Stevens,Cavaliers,Forward,6-6,230,USA,1997-07-09T00:00:00,2,Undrafted,103,14.7,5.3,2.5,0.7,0.5,0.3,1517981
426,Isaiah Stewart,Pistons,Forward-Center,6-8,250,USA,2001-05-22T00:00:00,2,16,139,23.5,8.1,7.7,1.0,0.4,1.2,3277080
427,Max Strus,Heat,Guard-Forward,6-5,215,USA,1996-03-28T00:00:00,3,Undrafted,109,19.3,8.8,2.2,1.1,0.4,0.2,1669178
428,Jalen Suggs,Magic,Guard,6-5,205,USA,2001-06-03T00:00:00,1,5,48,27.2,11.8,3.6,4.4,1.2,0.4,6593040
429,Jae'Sean Tate,Rockets,Forward,6-4,230,USA,1995-10-28T00:00:00,2,Undrafted,148,27.7,11.6,5.4,2.7,1.1,0.5,1517981
430,Jayson Tatum,Celtics,Forward-Guard,6-8,210,USA,1998-03-03T00:00:00,5,3,365,33.4,20.9,6.6,3.0,1.1,0.7,28103550
431,Terry Taylor,Pacers,Forward,6-5,230,USA,1999-09-23T00:00:00,1,Undrafted,33,21.6,9.6,5.2,1.2,0.4,0.2,
432,Garrett Temple,Pelicans,Guard-Forward,6-5,195,USA,1986-05-08T00:00:00,12,Undrafted,691,21.4,6.4,2.3,1.7,0.8,0.3,4910000
433,Tyrell Terry,Grizzlies,Guard,6-2,160,USA,2000-09-28T00:00:00,3,31,13,4.6,1.0,0.5,0.5,0.4,0.0,1517981
434,Daniel Theis,Pacers,Forward-Center,6-9,245,Germany,1992-04-04T00:00:00,5,Undrafted,306,19.6,7.6,4.9,1.3,0.5,0.9,8372093
435,Brodric Thomas,Celtics,Guard,6-5,185,USA,1997-01-28T00:00:00,2,Undrafted,44,10.4,3.3,1.4,0.9,0.4,0.3,
436,Cam Thomas,Nets,Guard,6-3,210,Japan,2001-10-13T00:00:00,1,27,67,17.6,8.5,2.4,1.2,0.5,0.1,2036280
437,Isaiah Thomas,Hornets,Guard,5-9,185,USA,1989-02-07T00:00:00,11,60,550,28.3,17.7,2.4,4.8,0.9,0.1,
438,Matt Thomas,Bulls,Guard,6-3,190,USA,1994-08-04T00:00:00,3,Undrafted,126,9.7,4.0,1.2,0.5,0.2,0.0,1669178
439,Klay Thompson,Warriors,Guard,6-6,220,USA,1990-02-08T00:00:00,9,11,647,32.9,19.5,3.5,2.3,0.9,0.5,37980720
440,Tristan Thompson,Bulls,Center-Forward,6-9,254,Canada,1991-03-13T00:00:00,11,4,730,26.8,9.0,8.4,1.0,0.5,0.7,9720900
441,JT Thor,Hornets,Forward,6-9,203,USA,2002-08-26T00:00:00,1,37,33,7.9,2.0,1.3,0.6,0.2,0.3,1250000
442,Matisse Thybulle,76ers,Guard-Forward,6-5,201,USA,1997-03-04T00:00:00,3,20,196,21.8,4.8,1.9,1.1,1.6,1.0,2840160
443,Killian Tillie,Grizzlies,Forward-Center,6-9,220,France,1998-03-05T00:00:00,2,Undrafted,54,11.9,3.2,1.6,0.6,0.5,0.4,2000000
444,Xavier Tillman Sr.,Grizzlies,Forward,6-8,245,USA,1999-01-12T00:00:00,2,35,112,15.9,5.7,3.7,1.2,0.8,0.4,1517981
445,Isaiah Todd,Wizards,Forward,6-9,219,USA,2001-10-17T00:00:00,1,31,12,6.2,1.7,1.0,0.3,0.3,0.2,1500000
446,Obi Toppin,Knicks,Forward,6-9,220,USA,1998-03-04T00:00:00,2,8,134,14.3,6.7,3.0,0.8,0.3,0.4,5105160
447,Juan Toscano-Anderson,Lakers,Forward,6-6,209,USA,1993-04-10T00:00:00,3,Undrafted,139,17.1,4.8,3.3,2.2,0.7,0.3,1701593
448,Karl-Anthony Towns,Timberwolves,Center-Forward,6-11,248,USA,1995-11-15T00:00:00,7,1,482,34.2,23.2,11.3,3.1,0.8,1.4,31610000
449,Gary Trent Jr.,Raptors,Guard-Forward,6-5,209,USA,1999-01-18T00:00:00,4,37,204,27.9,13.5,2.2,1.4,1.1,0.2,16000000
450,P.J. Tucker,76ers,Forward,6-5,245,USA,1985-05-05T00:00:00,11,35,777,29.0,7.1,5.6,1.5,1.1,0.3,7000000
451,Rayjon Tucker,Bucks,Guard,6-3,209,USA,1997-09-24T00:00:00,4,Undrafted,39,7.7,3.0,1.0,0.5,0.2,0.0,
452,Myles Turner,Pacers,Center-Forward,6-11,250,USA,1996-03-24T00:00:00,7,11,431,28.7,12.7,6.7,1.2,0.7,2.3,18000000
453,Jonas Valanciunas,Pelicans,Center,6-11,265,Lithuania,1992-05-06T00:00:00,10,5,695,26.1,13.4,9.5,1.2,0.4,1.0,14000000
454,Fred VanVleet,Raptors,Guard,6-1,197,USA,1994-02-25T00:00:00,6,Undrafted,348,28.3,13.7,3.2,4.9,1.3,0.4,19675926
455,Jarred Vanderbilt,Jazz,Forward,6-9,214,USA,1999-04-03T00:00:00,4,41,166,18.9,5.4,6.2,1.1,1.0,0.6,4259259
456,Devin Vassell,Spurs,Guard-Forward,6-5,200,USA,2000-08-23T00:00:00,2,11,133,22.5,9.1,3.6,1.4,0.9,0.4,4235160
457,Gabe Vincent,Heat,Guard,6-3,200,USA,1996-06-14T00:00:00,3,Undrafted,127,18.3,6.7,1.5,2.2,0.7,0.1,1669178
458,Nikola Vucevic,Bulls,Center,6-10,260,Montenegro,1990-10-24T00:00:00,11,16,741,30.9,16.9,10.4,2.7,0.9,0.9,24000000
459,Dean Wade,Cavaliers,Forward-Center,6-9,228,USA,1996-11-20T00:00:00,3,Undrafted,126,18.0,5.3,3.0,1.0,0.5,0.3,1782621
460,Franz Wagner,Magic,Forward,6-10,220,Germany,2001-08-27T00:00:00,1,8,79,30.7,15.2,4.5,2.9,0.9,0.4,5007840
461,Moritz Wagner,Magic,Forward-Center,6-11,245,Germany,1997-04-26T00:00:00,4,25,196,15.1,7.5,3.5,1.1,0.4,0.3,1729217
462,Ish Wainright,Suns,Forward,6-5,250,USA,1994-09-12T00:00:00,1,Undrafted,45,8.0,2.4,1.2,0.3,0.4,0.1,
463,Kemba Walker,Pistons,Guard,6-0,184,USA,1990-05-08T00:00:00,11,9,741,33.3,19.5,3.8,5.3,1.2,0.4,8729020
464,Lonnie Walker IV,Lakers,Guard-Forward,6-4,204,USA,1998-12-14T00:00:00,4,18,208,20.4,9.4,2.4,1.6,0.5,0.2,4447896
465,John Wall,Clippers,Guard,6-3,210,USA,1990-09-06T00:00:00,10,1,613,35.6,19.1,4.3,9.1,1.7,0.7,44310840
466,T.J. Warren,Nets,Forward,6-8,220,USA,1993-09-05T00:00:00,7,14,332,28.8,15.5,4.1,1.2,1.0,0.5,12690000
467,P.J. Washington,Hornets,Forward,6-7,230,USA,1998-08-23T00:00:00,3,12,187,29.3,11.8,5.7,2.3,0.9,1.0,4215120
468,Duane Washington Jr.,Suns,Guard,6-3,197,Germany,2000-03-24T00:00:00,1,Undrafted,48,20.2,9.9,1.7,1.8,0.5,0.1,
469,Yuta Watanabe,Raptors,Guard-Forward,6-9,215,Japan,1994-10-13T00:00:00,4,Undrafted,121,12.0,3.8,2.5,0.6,0.4,0.3,1762769
470,Lindy Waters III,Thunder,Forward,6-6,215,USA,1997-07-28T00:00:00,1,Undrafted,25,18.6,8.0,2.9,1.0,0.8,0.3,
471,Trendon Watford,Trail Blazers,Forward,6-8,237,USA,2000-11-09T00:00:00,1,Undrafted,48,18.1,7.6,4.1,1.7,0.5,0.6,260561
472,Quinndary Weatherspoon,Warriors,Guard,6-3,205,USA,1996-09-10T00:00:00,3,49,42,6.5,2.1,0.8,0.6,0.3,0.1,
473,Russell Westbrook,Lakers,Guard,6-3,200,USA,1988-11-12T00:00:00,14,4,1021,34.7,22.8,7.4,8.4,1.7,0.3,44211146
474,Coby White,Bulls,Guard,6-4,195,USA,2000-02-16T00:00:00,3,7,195,28.2,13.7,3.6,3.5,0.6,0.2,5837760
475,Derrick White,Celtics,Guard,6-4,190,USA,1994-07-02T00:00:00,5,29,263,25.9,11.5,3.3,3.8,0.8,0.8,15178571
476,Hassan Whiteside,Jazz,Center,7-0,265,USA,1989-06-13T00:00:00,10,33,511,24.7,12.6,10.8,0.6,0.5,2.2,2401537
477,Joe Wieskamp,Spurs,Guard-Forward,6-6,205,USA,1999-08-23T00:00:00,1,41,29,7.1,2.1,0.5,0.3,0.1,0.1,
478,Aaron Wiggins,Thunder,Guard,6-4,190,USA,1999-01-02T00:00:00,1,55,50,24.2,8.3,3.6,1.4,0.6,0.2,1000000
479,Andrew Wiggins,Warriors,Forward,6-7,197,Canada,1995-02-23T00:00:00,8,1,598,35.0,19.3,4.4,2.3,1.0,0.7,31579390
480,Lindell Wigginton,Bucks,Guard,6-1,189,Canada,1998-03-28T00:00:00,1,,19,10.5,4.2,1.3,1.2,0.3,0.1,
481,Brandon Williams,Trail Blazers,Guard,6-2,190,USA,1999-11-22T00:00:00,1,Undrafted,24,26.7,12.9,3.1,3.9,1.0,0.4,
482,Grant Williams,Celtics,Forward,6-6,236,USA,1998-11-30T00:00:00,3,22,209,19.4,5.4,3.0,1.0,0.5,0.6,2617800
483,Kenrich Williams,Thunder,Guard-Forward,6-6,210,USA,1994-12-02T00:00:00,4,Undrafted,200,22.0,6.5,4.5,2.0,0.9,0.3,2000000
484,Lou Williams,Hawks,Guard,6-2,175,USA,1986-10-27T00:00:00,17,45,1123,24.1,13.9,2.2,3.4,0.8,0.2,5000000
485,Patrick Williams,Bulls,Forward,6-7,215,USA,2001-08-26T00:00:00,2,4,88,27.3,9.2,4.5,1.3,0.8,0.6,7422000
486,Ziaire Williams,Grizzlies,Forward,6-9,185,USA,2001-09-12T00:00:00,1,10,62,21.7,8.1,2.1,1.0,0.6,0.2,4373160
487,Robert Williams III,Celtics,Center-Forward,6-9,237,USA,1997-10-17T00:00:00,4,27,174,19.9,7.2,6.6,1.4,0.7,1.7,
488,Zion Williamson,Pelicans,Forward,6-6,284,USA,2000-07-06T00:00:00,2,1,85,31.7,25.7,7.0,3.2,0.9,0.6,10733400
489,Dylan Windler,Cavaliers,Guard-Forward,6-6,196,USA,1996-09-22T00:00:00,2,26,81,12.0,3.3,2.4,0.8,0.4,0.2,2239200
490,Justise Winslow,Trail Blazers,Forward-Guard,6-6,222,USA,1996-03-26T00:00:00,7,10,315,25.8,8.4,5.1,2.5,0.9,0.4,3902439
491,Cassius Winston,Wizards,Guard,6-1,185,USA,1998-02-28T00:00:00,2,53,29,4.7,1.9,0.3,0.7,0.1,0.0,
492,James Wiseman,Warriors,Center,7-0,240,USA,2001-03-31T00:00:00,1,2,39,21.4,11.5,5.8,0.7,0.3,0.9,9166800
493,Christian Wood,Mavericks,Forward,6-9,214,USA,1995-09-27T00:00:00,6,Undrafted,222,23.6,14.2,7.3,1.3,0.6,0.9,13666667
494,Robert Woodard II,Spurs,Forward,6-6,235,USA,1999-09-22T00:00:00,2,40,25,3.5,1.1,1.1,0.2,0.0,0.2,1517981
495,Delon Wright,Wizards,Guard,6-5,185,USA,1992-04-26T00:00:00,7,20,411,20.9,7.2,3.2,3.0,1.2,0.4,8526316
496,Moses Wright,Mavericks,Forward,6-8,226,USA,1998-12-23T00:00:00,1,Undrafted,4,3.7,1.3,0.8,0.5,0.0,0.3,
497,McKinley Wright IV,Timberwolves,Guard,5-11,192,USA,1998-10-25T00:00:00,1,Undrafted,5,3.8,1.0,0.0,0.6,0.0,0.0,
498,Gabe York,Pacers,Guard,6-3,190,USA,1993-08-02T00:00:00,2,Undrafted,2,10.7,4.0,1.0,2.0,1.0,0.5,
499,Thaddeus Young,Raptors,Forward,6-8,235,USA,1988-06-21T00:00:00,15,12,1085,29.3,12.8,5.8,1.8,1.4,0.4,14190000
500,Trae Young,Hawks,Guard,6-1,164,USA,1998-09-19T00:00:00,4,5,280,33.6,25.3,3.9,9.1,0.9,0.2,8326471
501,Omer Yurtseven,Heat,Center,6-11,275,Turkey,1998-06-19T00:00:00,1,Undrafted,56,12.6,5.3,5.3,0.9,0.3,0.4,1489065
502,Ivica Zubac,Clippers,Center,7-0,240,Croatia,1997-03-18T00:00:00,6,32,360,19.0,8.3,6.5,1.1,0.3,0.8,7518518
